"mouse","session","nnID","stim_pair","A","B","delay","delayB","delayA"
"2022-02-11","21-16-17","1","(('C', '-4'), ('H', '2'))","C_023460_semitone_-4","H_023460_semitone_2","10",10,0
"2022-02-11","21-16-17","1","(('A', '0'), ('F', '-6'))","F_098580_semitone_-6","A_098580_semitone_0","5",5,0
"2022-02-11","21-16-17","1","(('B', '2'), ('D', '-4'))","B_051680_semitone_2","D_051680_semitone_-4","0",0,0
"2022-02-11","21-16-17","1","(('E', '-6'), ('G', '6'))","G_014310_semitone_6","E_014310_semitone_-6","5",5,0
"2022-02-11","21-16-17","2","(('B', '2'), ('D', '-4'))","D_051680_semitone_-4","B_051680_semitone_2","5",5,0
"2022-02-22","19-03-37","3","AI","A_015380","I_098960","20",20,0
"2022-02-22","19-03-37","3","BH","B_093840","H_023900","-20",0,20
"2022-02-22","19-03-37","3","CG","C_110710","G_014740","20",20,0
"2022-02-22","21-54-16","3","(('Y', '-6'), ('Z', '6'))","Z_094200_semitone_6","Y_098850_semitone_-6","20",20,0
"2022-02-22","19-03-37","4","AI","A_015380","I_098960","0",0,0
"2022-02-22","19-03-37","4","BH","B_093840","H_023900","-20",0,20
"2022-02-22","19-03-37","4","CG","C_110710","G_014740","10",10,0
"2022-02-22","21-54-16","4","(('Y', '-6'), ('Z', '6'))","Z_094200_semitone_6","Y_098850_semitone_-6","-10",0,10
"2022-02-22","21-54-16","4","(('E', '-6'), ('F', '6'))","E_009590_semitone_-6","F_073660_semitone_6","-20",0,20
"2022-02-22","19-03-37","5","AI","A_015380","I_098960","0",0,0
"2022-02-22","19-03-37","5","BH","B_093840","H_023900","-20",0,20
"2022-02-22","21-54-16","5","(('Y', '-6'), ('Z', '6'))","Z_094200_semitone_6","Y_098850_semitone_-6","-20",0,20
"2022-02-22","21-54-16","5","(('J', '-6'), ('X', '6'))","X_090180_semitone_6","J_094200_semitone_-6","0",0,0
"2022-02-22","21-54-16","6","(('Y', '-6'), ('Z', '6'))","Z_094200_semitone_6","Y_098850_semitone_-6","0",0,0
"2022-02-22","21-54-16","6","(('E', '-6'), ('F', '6'))","E_009590_semitone_-6","F_073660_semitone_6","-20",0,20
"2022-02-22","21-54-16","6","(('J', '-6'), ('X', '6'))","X_090180_semitone_6","J_094200_semitone_-6","-20",0,20
"2022-03-04","17-21-03","7","BD","B_111510","D_006070","0",0,0
"2022-03-04","17-21-03","7","BE","B_111510","E_073300","-10",0,10
"2022-03-04","17-21-03","7","CE","C_106740","E_073300","-10",0,10
"2022-03-04","19-41-03","7","(('F', '3'), ('G', '-3'))","F_006070_semitone_3","G_073300_semitone_-3","20",20,0
"2022-03-04","19-41-03","7","(('A', '-2'), ('H', '2'))","A_006070_semitone_-2","H_073300_semitone_2","-20",0,20
"2022-03-04","19-41-03","7","(('A', '-2'), ('F', '3'))","F_006070_semitone_3","A_006070_semitone_-2","10",10,0
"2022-03-04","19-41-03","7","(('G', '-3'), ('H', '2'))","G_073300_semitone_-3","H_073300_semitone_2","-20",0,20
"2022-03-04","20-14-56","7","IN","I_100690","N_008000","-20",0,20
"2022-03-04","20-14-56","7","IO","I_100690","O_006510","20",20,0
"2022-03-04","20-14-56","7","JM","J_098850","M_015380","20",20,0
"2022-03-04","20-14-56","7","JY","J_098850","Y_036610","-20",0,20
"2022-03-04","20-14-56","7","JZ","J_098850","Z_073300","10",10,0
"2022-03-04","20-14-56","7","KY","K_008510","Y_036610","-20",0,20
"2022-03-04","20-14-56","7","LM","L_091580","M_015380","20",20,0
"2022-03-04","20-14-56","7","LZ","L_091580","Z_073300","0",0,0
"2022-03-04","17-21-03","8","BD","B_111510","D_006070","0",0,0
"2022-03-04","17-21-03","8","BE","B_111510","E_073300","-20",0,20
"2022-03-04","17-21-03","8","CE","C_106740","E_073300","10",10,0
"2022-03-04","19-41-03","8","(('F', '3'), ('G', '-3'))","F_006070_semitone_3","G_073300_semitone_-3","-20",0,20
"2022-03-04","19-41-03","8","(('A', '-2'), ('H', '2'))","A_006070_semitone_-2","H_073300_semitone_2","-20",0,20
"2022-03-04","19-41-03","8","(('A', '-2'), ('F', '3'))","F_006070_semitone_3","A_006070_semitone_-2","-10",0,10
"2022-03-04","19-41-03","8","(('G', '-3'), ('H', '2'))","G_073300_semitone_-3","H_073300_semitone_2","-20",0,20
"2022-03-04","20-14-56","8","IN","I_100690","N_008000","-20",0,20
"2022-03-04","20-14-56","8","IO","I_100690","O_006510","0",0,0
"2022-03-04","20-14-56","8","JM","J_098850","M_015380","-10",0,10
"2022-03-04","20-14-56","8","JZ","J_098850","Z_073300","10",10,0
"2022-03-04","20-14-56","8","LM","L_091580","M_015380","0",0,0
"2022-03-04","20-14-56","8","LZ","L_091580","Z_073300","-10",0,10
"2022-03-04","17-21-03","9","BD","B_111510","D_006070","-20",0,20
"2022-03-04","17-21-03","9","BE","B_111510","E_073300","-20",0,20
"2022-03-04","17-21-03","9","CE","C_106740","E_073300","-20",0,20
"2022-03-04","19-41-03","9","(('F', '3'), ('G', '-3'))","F_006070_semitone_3","G_073300_semitone_-3","-20",0,20
"2022-03-04","19-41-03","9","(('A', '-2'), ('H', '2'))","A_006070_semitone_-2","H_073300_semitone_2","-20",0,20
"2022-03-04","19-41-03","9","(('A', '-2'), ('F', '3'))","F_006070_semitone_3","A_006070_semitone_-2","-10",0,10
"2022-03-04","19-41-03","9","(('G', '-3'), ('H', '2'))","G_073300_semitone_-3","H_073300_semitone_2","-20",0,20
"2022-03-04","20-14-56","9","IN","I_100690","N_008000","-20",0,20
"2022-03-04","20-14-56","9","IO","I_100690","O_006510","0",0,0
"2022-03-04","20-14-56","9","JM","J_098850","M_015380","-10",0,10
"2022-03-04","20-14-56","9","JY","J_098850","Y_036610","-20",0,20
"2022-03-04","20-14-56","9","JZ","J_098850","Z_073300","10",10,0
"2022-03-04","20-14-56","9","KY","K_008510","Y_036610","0",0,0
"2022-03-04","20-14-56","9","LM","L_091580","M_015380","0",0,0
"2022-03-04","20-14-56","9","LZ","L_091580","Z_073300","-10",0,10
"2022-03-08","17-19-19","10","AG","A_026430","G_011500","20",20,0
"2022-03-08","17-19-19","10","DG","D_000650","G_011500","20",20,0
"2022-03-08","17-19-19","10","KN","K_073050","N_094200","-20",0,20
"2022-03-08","17-19-19","10","KR","K_073050","R_091720","20",20,0
"2022-03-08","17-19-19","10","LO","L_014280","O_012390","0",0,0
"2022-03-08","17-19-19","10","MQ","M_101650","Q_045180","0",0,0
"2022-03-08","20-42-19","10","(('B', '-6'), ('E', '0'))","E_014280_semitone_0","B_012390_semitone_-6","0",0,0
"2022-03-08","20-42-19","10","(('H', '-6'), ('Y', '2'))","Y_026430_semitone_2","H_045180_semitone_-6","10",10,0
"2022-03-08","20-42-19","10","(('F', '6'), ('X', '-4'))","F_014280_semitone_6","X_014280_semitone_-4","-10",0,10
"2022-03-08","20-42-19","10","(('C', '0'), ('Z', '-6'))","Z_000650_semitone_-6","C_012390_semitone_0","20",20,0
"2022-03-08","20-42-19","10","(('C', '0'), ('I', '-6'))","I_091720_semitone_-6","C_012390_semitone_0","0",0,0
"2022-03-08","20-42-19","10","(('F', '6'), ('J', '-4'))","J_094200_semitone_-4","F_014280_semitone_6","-10",0,10
"2022-03-08","20-42-19","11","(('B', '-6'), ('E', '0'))","E_014280_semitone_0","B_012390_semitone_-6","0",0,0
"2022-03-08","20-42-19","11","(('H', '-6'), ('Y', '2'))","Y_026430_semitone_2","H_045180_semitone_-6","-20",0,20
"2022-03-08","20-42-19","11","(('F', '6'), ('X', '-4'))","F_014280_semitone_6","X_014280_semitone_-4","-20",0,20
"2022-03-08","20-42-19","11","(('C', '0'), ('Z', '-6'))","Z_000650_semitone_-6","C_012390_semitone_0","10",10,0
"2022-03-08","20-42-19","11","(('C', '0'), ('I', '-6'))","I_091720_semitone_-6","C_012390_semitone_0","-20",0,20
"2022-03-08","20-42-19","11","(('F', '6'), ('J', '-4'))","J_094200_semitone_-4","F_014280_semitone_6","-10",0,10
"2022-03-08","17-19-19","12","AG","A_026430","G_011500","10",10,0
"2022-03-08","17-19-19","12","DG","D_000650","G_011500","-10",0,10
"2022-03-08","17-19-19","12","KN","K_073050","N_094200","10",10,0
"2022-03-08","17-19-19","12","KR","K_073050","R_091720","10",10,0
"2022-03-08","17-19-19","12","LO","L_014280","O_012390","10",10,0
"2022-03-08","17-19-19","12","MQ","M_101650","Q_045180","20",20,0
"2022-03-11","20-19-27","13","DF","D_003760","F_023880","-20",0,20
"2022-03-11","20-19-27","13","HJ","H_009840","J_073060","-20",0,20
"2022-03-11","20-19-27","14","DF","D_003760","F_023880","-10",0,10
"2022-03-11","20-19-27","14","HJ","H_009840","J_073060","0",0,0
"2022-03-11","21-06-17","14","(('D', '-2'), ('F', '1'))","D_003760_semitone_-2","F_023880_semitone_1","20",20,0
"2022-03-11","21-06-17","14","(('H', '1'), ('J', '-2'))","H_009840_semitone_1","J_073060_semitone_-2","-20",0,20
"2022-03-11","21-47-32","14","(('D', '-2'), ('F', '0'))","D_003760_semitone_-2","F_023880_semitone_0","-20",0,20
"2022-03-11","21-47-32","14","(('H', '2'), ('J', '-2'))","H_009840_semitone_2","J_073060_semitone_-2","-20",0,20
"2022-03-11","20-19-27","15","DF","D_003760","F_023880","0",0,0
"2022-03-11","20-19-27","15","HJ","H_009840","J_073060","-10",0,10
"2022-03-11","21-06-17","15","(('D', '-2'), ('F', '1'))","D_003760_semitone_-2","F_023880_semitone_1","-20",0,20
"2022-03-11","21-06-17","15","(('H', '1'), ('J', '-2'))","H_009840_semitone_1","J_073060_semitone_-2","-10",0,10
"2022-03-11","21-47-32","15","(('D', '-2'), ('F', '0'))","D_003760_semitone_-2","F_023880_semitone_0","-20",0,20
"2022-03-11","21-47-32","15","(('H', '2'), ('J', '-2'))","H_009840_semitone_2","J_073060_semitone_-2","20",20,0
"2022-03-25","20-32-52","16","(('C', '-6'), ('D', '0'))","C_080950_semitone_-6","D_008870_semitone_0","20",20,0
"2022-03-25","19-42-54","17","(('A', '-4'), ('B', '0'))","A_096570_semitone_-4","B_011500_semitone_0","-20",0,20
"2022-03-25","20-32-52","17","(('A', '0'), ('B', '-6'))","A_096570_semitone_0","B_011500_semitone_-6","0",0,0
"2022-03-25","20-32-52","17","(('C', '-6'), ('D', '0'))","C_080950_semitone_-6","D_008870_semitone_0","-10",0,10
"2022-03-25","19-42-54","18","(('A', '-4'), ('B', '0'))","A_096570_semitone_-4","B_011500_semitone_0","0",0,0
"2022-03-25","19-42-54","18","(('C', '-4'), ('D', '0'))","C_080950_semitone_-4","D_008870_semitone_0","10",10,0
"2022-03-25","20-32-52","18","(('A', '0'), ('B', '-6'))","A_096570_semitone_0","B_011500_semitone_-6","0",0,0
"2022-03-25","20-32-52","18","(('C', '-6'), ('D', '0'))","C_080950_semitone_-6","D_008870_semitone_0","-20",0,20
"2022-04-27","21-58-28","19","(('C', '-4'), ('I', '-6'))","C_087890_semitone_-4","I_018750_semitone_-6","20",20,0
"2022-04-27","21-58-28","19","(('H', '-3'), ('I', '-6'))","H_104560_semitone_-3","I_018750_semitone_-6","10",10,0
"2022-04-27","22-14-47","19","(('G', '-4'), ('I', '-6'))","G_101800_semitone_-4","I_018750_semitone_-6","20",20,0
"2022-04-27","21-58-28","20","(('C', '-4'), ('I', '-6'))","C_087890_semitone_-4","I_018750_semitone_-6","0",0,0
"2022-04-27","21-58-28","20","(('H', '-3'), ('I', '-6'))","H_104560_semitone_-3","I_018750_semitone_-6","20",20,0
"2022-04-27","22-14-47","20","(('G', '-4'), ('I', '-6'))","G_101800_semitone_-4","I_018750_semitone_-6","-20",0,20
"2022-04-27","22-14-47","20","(('C', '0'), ('H', '-3'))","C_087890_semitone_0","H_104560_semitone_-3","-20",0,20
"2022-04-27","21-58-28","21","(('H', '-3'), ('I', '-6'))","H_104560_semitone_-3","I_018750_semitone_-6","20",20,0
"2022-04-27","21-58-28","22","(('C', '-4'), ('I', '-6'))","C_087890_semitone_-4","I_018750_semitone_-6","0",0,0
"2022-04-27","21-58-28","22","(('H', '-3'), ('I', '-6'))","H_104560_semitone_-3","I_018750_semitone_-6","10",10,0
"2022-04-27","22-14-47","22","(('G', '-4'), ('I', '-6'))","G_101800_semitone_-4","I_018750_semitone_-6","20",20,0
"2022-04-27","22-14-47","22","(('C', '0'), ('H', '-3'))","C_087890_semitone_0","H_104560_semitone_-3","20",20,0
"2022-05-20","18-51-44","23","(('A', '0'), ('D', '-2'))","D_067750_semitone_-2","A_009580_semitone_0","10",10,0
"2022-05-20","18-51-44","23","(('D', '-2'), ('D', '0'))","D_067750_semitone_-2","D_067750_semitone_0","10",10,0
"2022-05-20","18-51-44","23","(('A', '-2'), ('D', '0'))","A_009580_semitone_-2","D_067750_semitone_0","-10",0,10
"2022-05-20","19-57-01","24","AE","A_098600","E_003790","10",10,0
"2022-05-20","19-57-01","24","BD","B_091560","D_023480","0",0,0
"2022-05-20","19-57-01","25","BD","B_091560","D_023480","20",20,0
"2022-05-20","19-57-01","26","BD","B_091560","D_023480","20",20,0
"2022-06-01","17-25-22","27","JL","J_091560","L_118400","-20",0,20
"2022-06-01","19-20-10","27","(('J', '0'), ('L', '-2'))","J_091560_semitone_0","L_118400_semitone_-2","-10",0,10
"2022-06-01","19-20-10","27","(('I', '-2'), ('K', '1'))","I_045160_semitone_-2","K_093850_semitone_1","-20",0,20
"2022-06-01","17-25-22","28","IK","I_045160","K_093850","-20",0,20
"2022-06-20","21-46-19","29","(('G', '0'), ('N', '-1'))","N_068420_semitone_-1","G_012380_semitone_0","-20",0,20
"2022-06-20","21-46-19","29","(('N', '0'), ('S', '2'))","S_093870_semitone_2","N_068420_semitone_0","-20",0,20
"2022-06-20","21-46-19","29","(('G', '0'), ('L', '-2'))","L_046220_semitone_-2","G_012380_semitone_0","-10",0,10
"2022-07-01","18-45-33","30","(('I', '-4'), ('O', '2'))","I_011250_semitone_-4","O_091570_semitone_2","10",10,0
"2022-07-01","18-45-33","30","(('F', '-6'), ('R', '0'))","F_005810_semitone_-6","R_101810_semitone_0","-10",0,10
"2022-07-01","18-45-33","30","(('Q', '-1'), ('R', '0'))","Q_093840_semitone_-1","R_101810_semitone_0","0",0,0
"2022-07-01","18-45-33","30","(('Q', '-6'), ('R', '1'))","Q_093840_semitone_-6","R_101810_semitone_1","20",20,0
"2022-07-01","18-45-33","30","(('Q', '-2'), ('R', '2'))","Q_093840_semitone_-2","R_101810_semitone_2","0",0,0
"2022-07-01","18-45-33","30","(('I', '-2'), ('O', '0'))","I_011250_semitone_-2","O_091570_semitone_0","20",20,0
"2022-07-01","18-45-33","30","(('I', '-6'), ('O', '2'))","I_011250_semitone_-6","O_091570_semitone_2","20",20,0
"2022-07-01","20-58-11","30","(('F', '-5'), ('I', '-2'))","F_005810_semitone_-5","I_011250_semitone_-2","-20",0,20
"2022-07-01","20-58-11","30","(('I', '-6'), ('R', '0'))","I_011250_semitone_-6","R_101810_semitone_0","0",0,0
"2022-07-01","20-58-11","30","(('I', '-5'), ('R', '-5'))","R_101810_semitone_-5","I_011250_semitone_-5","20",20,0
"2022-07-01","20-58-11","30","(('Q', '-6'), ('R', '2'))","R_101810_semitone_2","Q_093840_semitone_-6","10",10,0
"2022-07-01","20-58-11","30","(('I', '-6'), ('R', '1'))","R_101810_semitone_1","I_011250_semitone_-6","20",20,0
"2022-07-01","20-58-11","30","(('Q', '-5'), ('R', '2'))","R_101810_semitone_2","Q_093840_semitone_-5","0",0,0
"2022-07-01","20-58-11","30","(('I', '-5'), ('R', '2'))","R_101810_semitone_2","I_011250_semitone_-5","-10",0,10
"2022-07-01","20-58-11","30","(('I', '-4'), ('R', '0'))","I_011250_semitone_-4","R_101810_semitone_0","0",0,0
"2022-07-01","18-45-33","31","(('I', '-4'), ('O', '2'))","I_011250_semitone_-4","O_091570_semitone_2","0",0,0
"2022-07-01","18-45-33","31","(('F', '-6'), ('R', '0'))","F_005810_semitone_-6","R_101810_semitone_0","0",0,0
"2022-07-01","18-45-33","31","(('Q', '-1'), ('R', '0'))","Q_093840_semitone_-1","R_101810_semitone_0","0",0,0
"2022-07-01","18-45-33","31","(('Q', '-6'), ('R', '1'))","Q_093840_semitone_-6","R_101810_semitone_1","0",0,0
"2022-07-01","18-45-33","31","(('Q', '-2'), ('R', '2'))","Q_093840_semitone_-2","R_101810_semitone_2","20",20,0
"2022-07-01","18-45-33","31","(('I', '-6'), ('O', '2'))","I_011250_semitone_-6","O_091570_semitone_2","10",10,0
"2022-07-01","18-45-33","32","(('Q', '-1'), ('R', '0'))","Q_093840_semitone_-1","R_101810_semitone_0","0",0,0
"2022-07-01","18-45-33","32","(('Q', '-2'), ('R', '2'))","Q_093840_semitone_-2","R_101810_semitone_2","0",0,0
"2022-07-01","20-58-11","32","(('F', '-5'), ('I', '-2'))","F_005810_semitone_-5","I_011250_semitone_-2","0",0,0
"2022-07-01","20-58-11","32","(('Q', '-5'), ('R', '2'))","R_101810_semitone_2","Q_093840_semitone_-5","-10",0,10
"2022-07-11","19-43-46","33","(('D', '3'), ('F', '-3'))","F_103760_semitone_-3","D_082620_semitone_3","10",10,0
"2022-07-11","19-43-46","33","(('E', '1'), ('F', '-3'))","F_103760_semitone_-3","E_089530_semitone_1","-10",0,10
"2022-07-11","19-43-46","33","(('A', '-1'), ('G', '2'))","A_092680_semitone_-1","G_108870_semitone_2","-10",0,10
"2022-07-11","21-03-30","33","(('A', '-1'), ('G', '2'))","A_092680_semitone_-1","G_108870_semitone_2","20",20,0
"2022-07-13","18-35-56","34","(('C', '1'), ('F', '-6'))","F_034390_semitone_-6","C_017330_semitone_1","0",0,0
"2022-07-19","20-20-05","35","AJ","A_020190","J_086740","-10",0,10
"2022-07-19","20-20-05","35","BD","B_026740","D_038140","0",0,0
"2022-07-19","20-20-05","35","FL","F_056900","L_102170","-20",0,20
"2022-07-19","20-20-05","35","FN","F_056900","N_108140","-20",0,20
"2022-07-27","17-52-54","36","(('D', '5'), ('F', '-7'))","D_067160_semitone_5","F_103860_semitone_-7","10",10,0
"2022-07-27","17-52-54","36","(('D', '-7'), ('F', '5'))","D_067160_semitone_-7","F_103860_semitone_5","-10",0,10
"2022-08-04","19-57-12","37","(('E', '0'), ('G', '0'))","G_023710_semitone_0","E_014310_semitone_0","20",20,0
"2022-08-04","19-57-12","37","(('D', '0'), ('O', '-6'))","D_012500_semitone_0","O_093320_semitone_-6","10",10,0
"2022-08-04","19-57-12","37","(('K', '-6'), ('Q', '0'))","Q_102400_semitone_0","K_084620_semitone_-6","10",10,0
"2022-08-04","19-57-12","37","(('D', '0'), ('O', '0'))","D_012500_semitone_0","O_093320_semitone_0","-20",0,20
"2022-08-04","19-57-12","37","(('E', '-5'), ('G', '0'))","G_023710_semitone_0","E_014310_semitone_-5","10",10,0
"2022-08-04","19-57-12","37","(('K', '0'), ('Q', '0'))","Q_102400_semitone_0","K_084620_semitone_0","0",0,0
"2022-08-04","20-43-29","37","(('B', '-1'), ('J', '-2'))","B_003880_semitone_-1","J_080050_semitone_-2","10",10,0
"2022-08-04","20-43-29","37","(('B', '-1'), ('J', '-6'))","B_003880_semitone_-1","J_080050_semitone_-6","0",0,0
"2022-08-04","20-43-29","37","(('G', '0'), ('Q', '-6'))","G_023710_semitone_0","Q_102400_semitone_-6","-10",0,10
"2022-08-04","20-43-29","37","(('G', '0'), ('Q', '0'))","G_023710_semitone_0","Q_102400_semitone_0","10",10,0
"2022-08-04","21-10-30","37","(('K', '-5'), ('Q', '-1'))","Q_102400_semitone_-1","K_084620_semitone_-5","-20",0,20
"2022-08-04","21-10-30","37","(('E', '-2'), ('G', '-3'))","G_023710_semitone_-3","E_014310_semitone_-2","10",10,0
"2022-08-04","21-10-30","37","(('K', '-4'), ('Q', '-2'))","Q_102400_semitone_-2","K_084620_semitone_-4","-20",0,20
"2022-08-04","21-38-15","37","(('B', '-4'), ('J', '-3'))","B_003880_semitone_-4","J_080050_semitone_-3","-10",0,10
"2022-08-04","21-38-15","37","(('G', '-2'), ('Q', '-4'))","G_023710_semitone_-2","Q_102400_semitone_-4","-10",0,10
"2022-08-04","21-38-15","37","(('B', '-2'), ('J', '-5'))","B_003880_semitone_-2","J_080050_semitone_-5","-10",0,10
"2022-08-04","21-38-15","37","(('G', '-3'), ('Q', '-3'))","G_023710_semitone_-3","Q_102400_semitone_-3","-10",0,10
"2022-08-04","19-57-12","38","(('D', '0'), ('O', '-6'))","D_012500_semitone_0","O_093320_semitone_-6","20",20,0
"2022-08-04","19-57-12","38","(('K', '-6'), ('Q', '0'))","Q_102400_semitone_0","K_084620_semitone_-6","10",10,0
"2022-08-04","19-57-12","38","(('D', '0'), ('O', '0'))","D_012500_semitone_0","O_093320_semitone_0","-20",0,20
"2022-08-04","19-57-12","38","(('K', '0'), ('Q', '0'))","Q_102400_semitone_0","K_084620_semitone_0","-20",0,20
"2022-08-04","20-43-29","38","(('B', '-1'), ('J', '-2'))","B_003880_semitone_-1","J_080050_semitone_-2","20",20,0
"2022-08-04","20-43-29","38","(('B', '-1'), ('J', '-6'))","B_003880_semitone_-1","J_080050_semitone_-6","-10",0,10
"2022-08-04","20-43-29","38","(('G', '0'), ('Q', '-6'))","G_023710_semitone_0","Q_102400_semitone_-6","-20",0,20
"2022-08-04","20-43-29","38","(('G', '0'), ('Q', '0'))","G_023710_semitone_0","Q_102400_semitone_0","0",0,0
"2022-08-04","21-10-30","38","(('K', '-5'), ('Q', '-1'))","Q_102400_semitone_-1","K_084620_semitone_-5","-20",0,20
"2022-08-04","21-10-30","38","(('E', '-4'), ('G', '-1'))","G_023710_semitone_-1","E_014310_semitone_-4","10",10,0
"2022-08-04","21-10-30","38","(('E', '-3'), ('G', '-2'))","G_023710_semitone_-2","E_014310_semitone_-3","10",10,0
"2022-08-04","21-38-15","38","(('G', '-2'), ('Q', '-4'))","G_023710_semitone_-2","Q_102400_semitone_-4","-10",0,10
"2022-08-04","21-38-15","38","(('B', '-3'), ('J', '-4'))","B_003880_semitone_-3","J_080050_semitone_-4","-10",0,10
"2022-08-04","21-38-15","38","(('G', '-1'), ('Q', '-5'))","G_023710_semitone_-1","Q_102400_semitone_-5","-10",0,10
"2022-08-04","19-57-12","39","(('E', '0'), ('G', '0'))","G_023710_semitone_0","E_014310_semitone_0","10",10,0
"2022-08-04","19-57-12","39","(('D', '0'), ('O', '-6'))","D_012500_semitone_0","O_093320_semitone_-6","-10",0,10
"2022-08-04","19-57-12","39","(('K', '-6'), ('Q', '0'))","Q_102400_semitone_0","K_084620_semitone_-6","-20",0,20
"2022-08-04","19-57-12","39","(('D', '0'), ('O', '0'))","D_012500_semitone_0","O_093320_semitone_0","10",10,0
"2022-08-04","19-57-12","39","(('E', '-5'), ('G', '0'))","G_023710_semitone_0","E_014310_semitone_-5","-20",0,20
"2022-08-04","19-57-12","39","(('K', '0'), ('Q', '0'))","Q_102400_semitone_0","K_084620_semitone_0","-10",0,10
"2022-08-04","20-43-29","39","(('B', '-1'), ('J', '-2'))","B_003880_semitone_-1","J_080050_semitone_-2","0",0,0
"2022-08-04","20-43-29","39","(('B', '-1'), ('J', '-6'))","B_003880_semitone_-1","J_080050_semitone_-6","0",0,0
"2022-08-04","20-43-29","39","(('G', '0'), ('Q', '-6'))","G_023710_semitone_0","Q_102400_semitone_-6","0",0,0
"2022-08-04","20-43-29","39","(('G', '0'), ('Q', '0'))","G_023710_semitone_0","Q_102400_semitone_0","10",10,0
"2022-08-04","21-10-30","39","(('K', '-5'), ('Q', '-1'))","Q_102400_semitone_-1","K_084620_semitone_-5","-20",0,20
"2022-08-04","21-10-30","39","(('K', '-3'), ('Q', '-3'))","Q_102400_semitone_-3","K_084620_semitone_-3","-20",0,20
"2022-08-04","21-10-30","39","(('E', '-4'), ('G', '-1'))","G_023710_semitone_-1","E_014310_semitone_-4","10",10,0
"2022-08-04","21-10-30","39","(('E', '-2'), ('G', '-3'))","G_023710_semitone_-3","E_014310_semitone_-2","10",10,0
"2022-08-04","21-10-30","39","(('E', '-3'), ('G', '-2'))","G_023710_semitone_-2","E_014310_semitone_-3","10",10,0
"2022-08-04","21-10-30","39","(('K', '-4'), ('Q', '-2'))","Q_102400_semitone_-2","K_084620_semitone_-4","-20",0,20
"2022-08-04","21-38-15","39","(('B', '-4'), ('J', '-3'))","B_003880_semitone_-4","J_080050_semitone_-3","-10",0,10
"2022-08-04","21-38-15","39","(('G', '-2'), ('Q', '-4'))","G_023710_semitone_-2","Q_102400_semitone_-4","-10",0,10
"2022-08-04","21-38-15","39","(('B', '-2'), ('J', '-5'))","B_003880_semitone_-2","J_080050_semitone_-5","-10",0,10
"2022-08-04","21-38-15","39","(('B', '-3'), ('J', '-4'))","B_003880_semitone_-3","J_080050_semitone_-4","-10",0,10
"2022-08-04","21-38-15","39","(('G', '-1'), ('Q', '-5'))","G_023710_semitone_-1","Q_102400_semitone_-5","-10",0,10
"2022-08-04","21-38-15","39","(('G', '-3'), ('Q', '-3'))","G_023710_semitone_-3","Q_102400_semitone_-3","-10",0,10
"2022-08-22","21-38-58","40","(('A', '0'), ('B', '-6'))","A_023740_semitone_0","B_023960_semitone_-6","20",20,0
"2022-08-22","21-38-58","40","(('F', '-5'), ('G', '-3'))","G_093110_semitone_-3","F_084640_semitone_-5","10",10,0
"2022-08-22","21-38-58","40","(('A', '-2'), ('B', '-4'))","A_023740_semitone_-2","B_023960_semitone_-4","0",0,0
"2022-08-22","21-38-58","40","(('F', '-4'), ('G', '-3'))","G_093110_semitone_-3","F_084640_semitone_-4","-10",0,10
"2022-08-22","21-38-58","41","(('A', '0'), ('B', '-6'))","A_023740_semitone_0","B_023960_semitone_-6","-20",0,20
"2022-08-22","21-38-58","41","(('F', '-5'), ('G', '-3'))","G_093110_semitone_-3","F_084640_semitone_-5","0",0,0
"2022-08-22","21-38-58","41","(('A', '-2'), ('B', '-4'))","A_023740_semitone_-2","B_023960_semitone_-4","10",10,0
"2022-08-22","21-38-58","41","(('F', '-4'), ('G', '-3'))","G_093110_semitone_-3","F_084640_semitone_-4","0",0,0
"2022-09-05","17-44-33","42","(('C', '-5'), ('E', '4'))","C_029350_semitone_-5","E_099160_semitone_4","20",20,0
"2022-09-05","17-44-33","42","(('A', '0'), ('C', '-5'))","C_029350_semitone_-5","A_009590_semitone_0","10",10,0
"2022-09-05","18-25-26","42","(('A', '0'), ('C', '0'))","A_009590_semitone_0","C_029350_semitone_0","0",0,0
"2022-09-09","20-59-16","43","(('A', '-5'), ('D', '0'))","A_026400_semitone_-5","D_093800_semitone_0","10",10,0
"2022-09-09","20-59-16","43","(('A', '-3'), ('D', '0'))","A_026400_semitone_-3","D_093800_semitone_0","-20",0,20
"2022-09-09","20-59-16","43","(('A', '-6'), ('D', '0'))","A_026400_semitone_-6","D_093800_semitone_0","-20",0,20
"2022-09-09","20-59-16","43","(('A', '0'), ('D', '0'))","A_026400_semitone_0","D_093800_semitone_0","0",0,0
"2022-09-09","20-59-16","43","(('E', '-3'), ('G', '0'))","E_096540_semitone_-3","G_101660_semitone_0","10",10,0
"2022-09-09","20-59-16","43","(('A', '-4'), ('D', '0'))","A_026400_semitone_-4","D_093800_semitone_0","20",20,0
"2022-09-09","20-59-16","43","(('E', '-4'), ('G', '0'))","E_096540_semitone_-4","G_101660_semitone_0","10",10,0
"2022-09-09","20-59-16","44","(('A', '-5'), ('D', '0'))","A_026400_semitone_-5","D_093800_semitone_0","-10",0,10
"2022-09-09","20-59-16","44","(('A', '-3'), ('D', '0'))","A_026400_semitone_-3","D_093800_semitone_0","-10",0,10
"2022-09-09","20-59-16","44","(('E', '0'), ('G', '0'))","E_096540_semitone_0","G_101660_semitone_0","-10",0,10
"2022-09-09","20-59-16","44","(('A', '-6'), ('D', '0'))","A_026400_semitone_-6","D_093800_semitone_0","0",0,0
"2022-09-09","20-59-16","44","(('A', '0'), ('D', '0'))","A_026400_semitone_0","D_093800_semitone_0","20",20,0
"2022-09-09","20-59-16","44","(('A', '-4'), ('D', '0'))","A_026400_semitone_-4","D_093800_semitone_0","0",0,0
"2022-09-09","20-59-16","45","(('A', '-5'), ('D', '0'))","A_026400_semitone_-5","D_093800_semitone_0","-20",0,20
"2022-09-09","20-59-16","45","(('A', '-3'), ('D', '0'))","A_026400_semitone_-3","D_093800_semitone_0","-10",0,10
"2022-09-09","20-59-16","45","(('A', '-6'), ('D', '0'))","A_026400_semitone_-6","D_093800_semitone_0","-20",0,20
"2022-09-09","20-59-16","45","(('A', '0'), ('D', '0'))","A_026400_semitone_0","D_093800_semitone_0","0",0,0
"2022-09-09","20-59-16","45","(('A', '-4'), ('D', '0'))","A_026400_semitone_-4","D_093800_semitone_0","-10",0,10
"2022-09-09","20-59-16","45","(('E', '-4'), ('G', '0'))","E_096540_semitone_-4","G_101660_semitone_0","-20",0,20
"2022-09-14","20-40-13","46","(('B', '-5'), ('H', '0'))","B_008510_semitone_-5","H_079690_semitone_0","10",10,0
"2022-09-14","20-40-13","46","(('A', '-6'), ('I', '2'))","A_004130_semitone_-6","I_080560_semitone_2","20",20,0
"2022-09-14","20-40-13","46","(('A', '0'), ('I', '0'))","A_004130_semitone_0","I_080560_semitone_0","-10",0,10
"2022-09-14","20-40-13","46","(('A', '-4'), ('I', '0'))","A_004130_semitone_-4","I_080560_semitone_0","10",10,0
"2022-09-14","20-40-13","46","(('B', '-6'), ('H', '1'))","B_008510_semitone_-6","H_079690_semitone_1","0",0,0
"2022-09-14","20-40-13","46","(('B', '0'), ('N', '0'))","B_008510_semitone_0","N_115960_semitone_0","-10",0,10
"2022-09-14","20-40-13","46","(('B', '-6'), ('N', '2'))","B_008510_semitone_-6","N_115960_semitone_2","10",10,0
"2022-09-14","20-40-13","46","(('B', '-5'), ('N', '1'))","B_008510_semitone_-5","N_115960_semitone_1","20",20,0
"2022-09-14","20-40-13","46","(('B', '0'), ('H', '0'))","B_008510_semitone_0","H_079690_semitone_0","0",0,0
"2022-09-14","20-40-13","46","(('A', '-5'), ('I', '1'))","A_004130_semitone_-5","I_080560_semitone_1","20",20,0
"2022-09-14","20-40-13","46","(('B', '-4'), ('N', '0'))","B_008510_semitone_-4","N_115960_semitone_0","10",10,0
"2022-09-14","20-40-13","47","(('B', '-5'), ('H', '0'))","B_008510_semitone_-5","H_079690_semitone_0","-10",0,10
"2022-09-14","20-40-13","47","(('A', '-6'), ('I', '2'))","A_004130_semitone_-6","I_080560_semitone_2","20",20,0
"2022-09-14","20-40-13","47","(('A', '0'), ('I', '0'))","A_004130_semitone_0","I_080560_semitone_0","-10",0,10
"2022-09-14","20-40-13","47","(('A', '-4'), ('I', '0'))","A_004130_semitone_-4","I_080560_semitone_0","20",20,0
"2022-09-14","20-40-13","47","(('B', '-6'), ('H', '1'))","B_008510_semitone_-6","H_079690_semitone_1","-10",0,10
"2022-09-14","20-40-13","47","(('B', '0'), ('N', '0'))","B_008510_semitone_0","N_115960_semitone_0","20",20,0
"2022-09-14","20-40-13","47","(('B', '-6'), ('N', '2'))","B_008510_semitone_-6","N_115960_semitone_2","20",20,0
"2022-09-14","20-40-13","47","(('B', '-5'), ('N', '1'))","B_008510_semitone_-5","N_115960_semitone_1","0",0,0
"2022-09-14","20-40-13","47","(('B', '0'), ('H', '0'))","B_008510_semitone_0","H_079690_semitone_0","-20",0,20
"2022-09-14","20-40-13","47","(('A', '-5'), ('I', '1'))","A_004130_semitone_-5","I_080560_semitone_1","-10",0,10
"2022-09-14","20-40-13","47","(('B', '-4'), ('N', '0'))","B_008510_semitone_-4","N_115960_semitone_0","10",10,0
"2022-09-14","20-40-13","48","(('B', '-5'), ('H', '0'))","B_008510_semitone_-5","H_079690_semitone_0","-20",0,20
"2022-09-14","20-40-13","48","(('B', '-6'), ('H', '1'))","B_008510_semitone_-6","H_079690_semitone_1","10",10,0
"2022-09-14","20-40-13","48","(('B', '0'), ('N', '0'))","B_008510_semitone_0","N_115960_semitone_0","10",10,0
"2022-09-14","20-40-13","48","(('B', '-6'), ('N', '2'))","B_008510_semitone_-6","N_115960_semitone_2","10",10,0
"2022-09-14","20-40-13","48","(('B', '-5'), ('N', '1'))","B_008510_semitone_-5","N_115960_semitone_1","10",10,0
"2022-09-14","20-40-13","48","(('B', '0'), ('H', '0'))","B_008510_semitone_0","H_079690_semitone_0","-10",0,10
"2022-09-14","20-40-13","48","(('B', '-4'), ('N', '0'))","B_008510_semitone_-4","N_115960_semitone_0","10",10,0
"2022-09-22","16-22-06","49","(('A', '0'), ('O', '-6'))","O_092850_semitone_-6","A_001900_semitone_0","-10",0,10
"2022-09-22","16-22-06","49","(('K', '-5'), ('M', '1'))","M_084040_semitone_1","K_078100_semitone_-5","10",10,0
"2022-09-22","16-22-06","49","(('A', '1'), ('O', '-6'))","O_092850_semitone_-6","A_001900_semitone_1","-10",0,10
"2022-09-22","16-22-06","49","(('K', '-4'), ('M', '-1'))","M_084040_semitone_-1","K_078100_semitone_-4","-10",0,10
"2022-09-22","16-22-06","49","(('K', '-5'), ('M', '0'))","M_084040_semitone_0","K_078100_semitone_-5","0",0,0
"2022-09-22","17-36-17","49","(('A', '2'), ('O', '-6'))","A_001900_semitone_2","O_092850_semitone_-6","-20",0,20
"2022-09-22","17-36-17","49","(('A', '2'), ('O', '-5'))","A_001900_semitone_2","O_092850_semitone_-5","-20",0,20
"2022-09-22","17-36-17","49","(('K', '-6'), ('M', '1'))","M_084040_semitone_1","K_078100_semitone_-6","10",10,0
"2022-09-22","17-36-17","49","(('A', '0'), ('O', '0'))","A_001900_semitone_0","O_092850_semitone_0","-20",0,20
